0.097360	0.053685	0.025340	-0.042703	-0.138048	0.028978	0.031615	-0.074902	-0.033847	0.125120	0.074875	0.109303	-0.130927	-0.213545	-0.197521	0.110494	0.262275	-0.034347	-0.040538	-0.133453	-0.055781	-0.050389	-0.010865	-0.005819	0.008385	0.000196	0.063337	-0.055828	-0.121774	-0.095778	0.064006	-0.042009	-0.225735	0.086860	0.069093	-0.277431	-0.009399	-0.168429	-0.230628	-0.102118	-0.033278	-0.038193	0.100633	0.094596	-0.063832	0.000814	-0.108253	0.052346	-0.021284	0.028697
0.294506	-0.138851	0.092559	-0.063628	-0.119045	0.034191	0.074140	-0.061280	-0.043141	0.164263	0.042033	0.218222	-0.111181	-0.064623	-0.148622	0.032426	0.287604	-0.001525	0.040086	-0.098200	0.054271	-0.112182	-0.031188	0.013527	0.071058	-0.001466	0.012138	-0.130503	-0.124913	0.087544	-0.088966	-0.248650	0.219509	-0.078889	-0.063334	0.052638	0.018739	0.075321	0.065975	0.069612	0.045678	0.145381	-0.195505	-0.044024	-0.057170	-0.049221	0.022748	-0.153201	-0.147795	0.080068
0.125571	-0.104624	0.111622	-0.003692	0.001994	0.097300	-0.026520	-0.142239	0.036503	0.150919	0.011062	0.164347	-0.101874	-0.190442	-0.309671	0.068699	0.182742	0.095231	0.167780	-0.118253	-0.022408	0.122112	-0.001415	-0.022357	0.172179	-0.067448	0.024579	-0.199231	-0.057875	0.061697	-0.037495	0.264143	-0.026382	-0.054081	-0.021691	0.069150	-0.104414	0.077095	0.117675	0.065967	-0.032841	-0.095619	0.050365	0.118413	0.083007	-0.002688	0.070192	0.080408	0.202761	-0.008908
0.182898	0.317456	0.067224	0.087036	-0.059225	-0.014575	0.034736	0.057719	-0.076866	0.019890	-0.085574	-0.134836	0.067784	-0.074584	-0.080675	0.075399	-0.032592	-0.133498	0.142113	0.166179	0.052156	-0.180683	0.143550	-0.063385	-0.103276	-0.077701	-0.211228	-0.018772	-0.094811	0.098166	-0.141549	0.146228	0.073056	-0.042753	-0.168622	0.111535	-0.118940	0.102403	-0.108212	0.122126	-0.057568	-0.178326	0.014205	0.053934	0.133087	-0.061354	-0.024552	0.014807	0.035905	0.017194
0.202099	0.172779	0.078005	0.059408	0.054300	-0.137888	0.007265	0.138523	-0.045561	0.091561	-0.288143	-0.096062	0.111236	0.050585	-0.094043	-0.080180	-0.008988	-0.067821	0.139381	0.019513	-0.078046	-0.082000	0.134212	0.061089	0.004659	-0.099090	-0.001747	0.007246	-0.182736	0.215930	0.157022	-0.074304	-0.128355	-0.174267	0.024963	-0.058231	0.152541	0.029386	-0.012666	-0.162986	0.010327	0.046933	-0.147829	0.109208	0.103269	-0.027207	-0.060277	0.037194	0.070732	0.214422
0.147301	0.234723	-0.092177	0.046310	-0.115626	0.005365	-0.016895	0.095299	-0.063224	0.191922	-0.168390	-0.070721	0.071769	-0.054054	0.006646	0.050512	-0.041584	-0.125725	0.197137	0.087977	-0.046689	-0.160232	0.120624	0.043420	-0.041415	-0.121705	-0.031778	-0.061675	-0.114165	0.190462	-0.090124	0.012487	0.053244	0.128644	0.280160	-0.051488	-0.041741	-0.198070	0.060835	-0.006350	-0.004994	0.164511	0.071939	-0.186183	-0.202375	-0.024962	0.081823	0.023430	-0.073712	-0.202909
0.288134	-0.142030	-0.086568	0.173884	0.195915	0.027436	0.108620	-0.064151	-0.085510	-0.078825	0.037328	0.102652	0.286349	-0.067374	-0.120548	0.177968	-0.089689	-0.184671	-0.093967	0.157681	-0.148801	0.012916	-0.212897	-0.020461	-0.038928	0.050865	-0.037220	0.024354	-0.006047	0.081063	-0.100513	-0.022520	-0.039500	0.007691	-0.021433	-0.118352	0.072335	-0.141154	0.054046	0.081902	-0.071193	-0.020960	-0.096171	-0.043474	0.088833	0.001995	0.015035	-0.110508	0.027034	-0.064479
0.182707	-0.176808	-0.168542	0.269084	0.082172	0.020202	0.055516	-0.051022	-0.009316	-0.028854	0.018091	0.058915	0.192264	0.025733	-0.127296	0.108144	-0.065810	-0.111419	-0.052214	0.123022	-0.081300	0.026940	-0.086655	-0.014414	-0.041775	0.057021	0.026826	0.024421	-0.043524	0.022204	0.095780	-0.053334	0.138892	0.049129	0.034823	-0.064084	-0.141426	0.244505	-0.205737	-0.190628	0.136136	0.168937	-0.115078	0.201887	-0.057293	-0.093011	-0.118951	0.225110	-0.124769	-0.061104
0.100810	-0.132176	-0.019229	0.255664	0.226636	0.037019	0.049778	-0.096222	-0.045792	0.056939	0.005054	0.187763	0.242173	-0.137996	-0.098306	0.209319	-0.066087	-0.201430	0.014852	0.096949	-0.145755	0.080135	-0.180775	-0.051521	0.123816	0.046832	0.016700	0.021059	0.055936	0.077729	0.045748	0.125267	-0.085420	-0.040647	-0.025604	0.100402	0.021041	-0.108538	0.138152	0.103974	0.014631	-0.082863	0.187081	-0.149666	-0.055868	0.126667	0.051589	-0.107385	0.066586	0.142977
0.146058	0.257139	0.074247	-0.017438	0.293300	0.016172	0.007277	-0.093036	0.058256	-0.184582	0.034252	0.126439	-0.026607	0.058800	0.058610	-0.087476	0.111763	0.081835	-0.089858	-0.028343	-0.092569	-0.017252	0.021076	0.005557	-0.061252	-0.086924	0.314457	0.124260	-0.059292	0.094295	-0.171688	0.052790	0.225484	0.185549	-0.040423	-0.044117	-0.182352	-0.072461	0.101090	-0.084726	0.057056	0.070876	-0.072229	-0.037207	-0.036155	-0.092964	-0.102112	0.142160	0.204597	0.164429
0.113369	0.205323	0.166059	0.077753	0.243255	0.025408	0.093442	-0.168270	0.087930	-0.068741	-0.011613	0.030415	-0.066831	-0.111413	0.025095	-0.098952	0.044134	0.138140	-0.138489	0.104876	-0.064768	-0.030657	0.023263	0.048965	-0.017666	-0.053792	0.243064	0.077390	-0.028786	0.048606	0.074171	0.064922	0.098834	-0.045249	0.099259	0.199175	-0.113634	-0.044672	-0.186380	0.158083	-0.205348	0.054046	0.051237	0.066305	-0.046050	0.101319	0.193452	0.002337	-0.075425	-0.192461
0.166657	0.230284	0.157257	0.037905	0.273367	-0.079857	0.070084	-0.096757	0.054596	-0.029487	-0.131640	0.012364	-0.014977	0.061015	0.002547	-0.122480	-0.003576	0.072652	-0.062253	0.029964	0.001916	0.051934	0.002145	-0.019743	0.018596	-0.077216	0.232732	-0.070170	-0.114839	0.133193	0.001096	-0.135888	-0.178625	0.001332	-0.010982	-0.180246	0.253983	0.162039	-0.001305	-0.045170	0.169464	-0.218140	-0.037611	-0.004485	0.059960	0.076017	-0.012761	-0.098413	-0.136436	-0.095713
0.248941	0.178609	-0.028218	0.030599	-0.203147	0.005406	0.256884	0.056889	0.103744	0.033838	0.052569	0.101654	0.076639	-0.001735	0.066539	0.102093	-0.055242	0.142798	0.080851	0.061844	0.133235	0.102839	-0.054995	0.057452	0.186131	0.046935	0.007366	0.157998	-0.128977	-0.092365	-0.223891	-0.061483	0.030857	0.040499	-0.244811	-0.018050	0.158087	-0.090544	-0.169477	0.036597	-0.018207	-0.013252	-0.078190	-0.056550	-0.005106	0.123458	-0.127725	0.044393	0.001148	-0.107184
0.175152	0.065664	-0.110856	0.117968	-0.292827	0.064429	0.183912	0.028983	0.056086	-0.049812	0.000588	0.140542	0.044058	0.070893	0.146659	-0.014753	-0.050413	0.099101	-0.007070	-0.000889	-0.020632	0.053862	-0.010443	0.104154	0.206869	0.040659	0.068717	0.088363	-0.239161	-0.074989	0.102283	0.050981	-0.031546	-0.095375	-0.014330	0.044462	0.029301	-0.006632	-0.127669	-0.188070	0.056664	0.117182	0.165361	0.028492	0.040628	-0.143312	0.224162	-0.145154	0.143808	0.145080
0.091019	0.082229	-0.156031	-0.025290	-0.222974	0.022223	0.235510	-0.049876	0.099556	-0.038302	-0.066603	0.098154	0.041088	0.025994	0.141466	0.102035	-0.149571	0.002516	0.012558	0.036712	0.069082	0.054909	0.044671	0.143821	0.218399	-0.017293	0.064734	0.045130	-0.191380	-0.075150	0.114829	0.133352	0.003169	0.199752	0.264765	-0.051403	-0.158439	0.144058	0.293416	0.104818	0.051713	-0.148516	-0.105104	0.056059	0.031376	0.048068	-0.081797	0.039331	-0.139899	0.017142
0.234952	-0.109135	-0.015511	-0.010852	-0.000173	-0.217803	-0.141405	0.073477	0.016808	-0.065598	0.116787	0.066692	-0.141883	-0.237523	0.128577	-0.055275	-0.115422	-0.015530	0.024859	0.067821	0.017644	-0.014826	0.085322	-0.147541	0.137197	-0.103493	-0.044512	0.069658	0.100072	0.039122	-0.092677	0.009330	0.027933	-0.021902	0.001393	-0.163695	0.079080	-0.119743	-0.058801	0.063644	0.173317	-0.035115	-0.196720	0.156762	-0.116468	0.119428	0.241494	0.006257	-0.017625	0.026333
0.116574	-0.092719	-0.035993	0.045545	0.078168	-0.147682	-0.126924	0.046255	-0.034603	-0.040935	0.103102	0.067173	-0.076318	-0.312993	0.211077	-0.137493	0.015143	-0.041660	0.163225	0.119948	0.101654	-0.011198	-0.004758	-0.106293	0.214136	-0.185677	0.070127	0.064786	0.065116	-0.006456	-0.014363	0.039303	-0.134433	-0.022056	0.141382	0.049444	-0.016963	0.159582	-0.050240	0.081126	-0.049214	0.241827	0.032067	-0.114494	0.153932	0.050749	-0.261310	0.007416	-0.035191	0.092253
0.142343	-0.099548	-0.042420	0.137396	0.024299	-0.188192	-0.181158	0.087951	-0.017165	-0.061663	0.085219	0.096909	-0.009341	-0.243721	0.164635	-0.061718	-0.020007	-0.064738	0.022703	-0.002599	0.122820	-0.077137	0.061734	-0.047557	0.232239	-0.052032	0.024116	0.077651	0.017907	0.152253	0.168173	-0.123081	0.036152	0.044248	-0.201643	-0.023743	-0.099434	-0.016402	0.110000	-0.139566	-0.152063	-0.227881	0.139609	-0.015814	-0.045379	-0.210374	0.038033	-0.014193	0.018640	-0.128962
0.253936	-0.202714	0.025447	-0.161359	-0.134681	-0.016494	0.211560	-0.060026	0.015971	0.083060	-0.094210	0.148939	-0.104317	0.139683	0.112571	-0.116084	0.176407	-0.127012	0.020730	0.163429	0.048090	-0.134508	-0.146496	-0.154268	-0.126232	0.020689	0.037661	0.077285	-0.076982	0.003832	-0.046169	-0.025488	0.110915	-0.207501	-0.002534	0.047331	0.046224	0.103636	0.064905	-0.036929	0.005576	-0.041056	-0.010541	-0.159439	-0.143080	-0.051964	-0.043648	0.007837	-0.046005	-0.013844
0.158989	-0.059887	-0.000258	-0.263708	-0.033857	-0.184905	0.073038	-0.054241	0.041470	0.194171	-0.145877	0.037777	0.021666	0.041354	0.005209	-0.099458	0.011392	-0.105769	-0.064166	0.058811	-0.029073	0.009190	-0.121780	-0.233408	-0.173306	-0.028081	0.083074	0.019806	-0.064825	-0.028956	0.165919	-0.032297	-0.221313	0.348934	-0.174794	0.079601	-0.015532	-0.059005	0.031799	0.022876	-0.051065	0.096775	0.168690	0.175037	0.107369	0.035199	-0.002350	0.033269	-0.030448	0.049635
0.301537	-0.224534	-0.055042	-0.171396	-0.033820	-0.134112	0.073281	-0.052803	0.063160	-0.026582	-0.051172	0.026882	-0.119787	0.052857	0.150694	-0.132423	-0.021331	-0.119454	0.019450	0.145384	0.001885	-0.085529	-0.165028	-0.205696	-0.173948	0.014279	-0.002504	0.054350	-0.140161	-0.065988	-0.087536	0.264394	0.016584	-0.196399	0.089699	-0.052078	0.010528	-0.021427	-0.015875	-0.037915	0.033597	-0.118851	-0.000440	-0.002049	-0.030129	-0.020124	0.036888	0.076094	0.161360	-0.089128
0.087513	0.059718	-0.140854	-0.009829	0.180499	0.088428	0.090164	-0.012422	-0.157238	0.004416	0.000515	-0.097545	-0.225099	0.034970	0.129950	0.200687	0.060838	0.169438	0.163234	-0.005127	-0.090073	0.071755	0.022103	0.001329	-0.068954	0.084996	-0.089586	0.179499	-0.017188	0.125166	0.103812	-0.063830	-0.110565	-0.140856	-0.259666	-0.097838	-0.041309	0.065663	0.193362	-0.021974	-0.125194	0.055790	-0.038616	0.041948	-0.008803	0.241800	0.062334	0.182337	-0.178955	0.008383
0.180995	-0.051938	-0.041665	-0.021636	0.218468	0.089418	0.095283	0.034855	-0.131821	-0.086585	-0.048539	0.044686	-0.302715	0.051762	0.004150	0.102693	0.003257	0.239863	0.199816	0.023019	-0.088510	0.112793	0.006998	-0.093630	-0.008892	0.019180	-0.177558	0.188641	0.024330	0.106483	0.039319	-0.052247	-0.142975	0.152739	0.163480	0.181285	-0.157724	-0.168214	-0.017164	0.047531	0.076955	0.000779	-0.027548	0.002677	-0.042446	-0.218309	-0.131547	-0.176746	0.141845	0.068658
0.262509	-0.163237	-0.101486	-0.162340	0.180378	0.092182	0.199718	0.205678	-0.078712	-0.042458	0.045135	-0.052023	-0.150347	-0.024486	-0.011491	0.060264	0.012319	0.108612	0.123701	0.013297	-0.070798	0.015653	-0.068277	-0.003354	-0.021634	0.141175	-0.143839	0.056846	-0.061612	0.078413	0.000692	0.007861	0.230164	0.058525	0.073737	-0.043708	0.098637	0.079120	-0.182041	-0.090377	0.026328	-0.084251	0.062083	-0.020912	0.117671	-0.034306	0.065300	-0.050869	0.002688	-0.140469
0.182480	-0.116538	0.244893	-0.061364	-0.037535	0.221335	-0.211910	-0.121552	0.063401	-0.179715	-0.169687	-0.171592	0.048307	-0.117440	0.136753	0.173657	-0.101962	0.006179	0.066218	0.006600	-0.121526	0.062535	-0.088359	-0.115814	0.027372	-0.042563	0.021517	-0.026224	-0.156083	-0.187306	0.006174	-0.136634	0.010021	-0.085621	0.087959	0.082901	-0.036626	-0.102736	-0.006237	0.045452	0.053794	0.051909	-0.067634	-0.067221	0.217153	-0.053284	-0.010480	0.041151	-0.031039	-0.044037
0.079101	-0.045037	0.138174	-0.049848	-0.061323	0.114494	-0.175492	-0.058160	0.029649	-0.106700	-0.117983	-0.122276	0.048607	-0.094137	0.078311	0.132367	-0.083316	0.041923	0.033579	0.013930	-0.100076	0.083203	-0.045064	-0.154275	0.014000	0.022910	0.022416	-0.024459	-0.177724	-0.116378	-0.158292	-0.210976	0.005829	0.102440	0.034288	-0.008714	0.013816	0.115090	0.035189	-0.168515	-0.360963	-0.020655	0.023805	-0.005727	-0.415899	-0.014185	-0.024300	-0.031034	-0.037022	0.052393
0.194991	-0.106915	0.250475	-0.090930	-0.103439	0.117052	-0.261795	-0.061943	0.074312	-0.102279	-0.223248	-0.153916	0.049627	-0.079969	0.025606	0.094149	-0.029070	0.111253	0.070588	0.062393	-0.081903	0.149414	0.090603	-0.120552	0.012961	0.034376	0.017022	-0.042378	-0.047949	0.035015	0.036635	0.253750	0.060397	0.026625	-0.130423	-0.127321	0.050030	0.088363	0.006013	0.051599	0.163838	-0.053449	0.061659	0.090392	0.103918	0.053359	-0.006836	-0.050716	0.002832	0.056391
0.178443	0.067202	0.064561	-0.154199	0.253080	0.009988	-0.196014	0.021463	0.018987	0.031665	0.121989	0.367019	0.122871	0.102580	0.119089	0.112503	-0.125397	-0.036937	0.006167	-0.061733	0.124394	0.003988	0.145714	0.099924	-0.056710	0.013165	-0.100915	-0.002966	-0.117960	0.000585	0.097002	0.065100	0.050205	-0.107598	-0.065016	-0.072198	-0.058938	-0.065698	-0.028403	-0.029916	-0.124763	-0.132389	0.137520	-0.146800	0.008806	0.021343	-0.080584	0.134482	0.016673	0.076054
0.230718	0.043252	0.165116	-0.097085	0.054218	0.062391	-0.142939	0.005134	-0.102644	-0.027597	0.142195	0.222999	0.069041	0.092311	0.090923	0.046351	-0.060979	-0.083347	-0.023955	-0.156729	0.119680	-0.009513	0.002056	0.030827	-0.097137	0.026662	-0.117425	0.013764	-0.114346	-0.029726	-0.198089	-0.237301	-0.006112	-0.079206	0.148667	0.080182	-0.130369	0.031172	0.137840	0.026169	0.223323	0.225692	0.078784	0.145262	0.109999	0.018767	0.098023	0.023467	0.001685	-0.103521
0.177607	0.038029	0.052544	-0.179399	0.167851	0.053125	-0.262846	0.058996	-0.057773	0.197729	0.030891	0.274486	0.136537	0.124412	0.074701	0.029874	-0.119282	-0.003429	0.003262	-0.043174	0.150116	0.128997	0.184335	0.024972	-0.103738	0.096695	-0.051132	0.021723	-0.084667	-0.077219	0.160697	0.137289	-0.020366	0.024858	-0.000801	-0.005237	0.116839	0.019921	-0.145384	0.013638	-0.037552	-0.063431	-0.128006	0.069627	-0.096262	-0.010713	-0.030579	-0.114281	-0.019114	-0.004142
0.311533	-0.112258	0.137019	-0.044039	0.018566	0.143052	0.051837	0.010155	-0.003210	0.047804	0.234021	0.001711	-0.052842	0.085771	-0.001516	-0.016651	-0.171767	-0.032168	0.065554	-0.114396	0.023809	-0.171640	-0.183941	0.156536	0.026674	-0.279206	0.000267	-0.108279	0.002540	0.011011	-0.007629	0.012779	-0.136453	-0.061091	0.042630	0.163870	-0.148834	0.069553	0.050325	-0.050847	-0.030073	-0.018115	-0.107511	-0.092188	-0.059119	0.034525	-0.021910	0.074836	-0.085524	-0.016754
0.186799	-0.078504	0.116764	-0.045493	0.116551	0.155579	0.181697	0.264928	-0.060558	-0.019504	0.168939	-0.149427	-0.051170	0.050147	0.023647	-0.004039	-0.142441	-0.011434	-0.012910	-0.101363	-0.033607	-0.197037	-0.085279	0.111341	0.026146	-0.135057	0.073869	-0.095283	-0.014450	0.031424	0.054577	0.100788	0.063919	0.024758	-0.067991	-0.055889	0.109349	0.059123	0.025173	-0.031746	-0.135885	-0.056179	0.232478	0.252089	-0.127254	0.056105	-0.096065	-0.127915	-0.136140	0.048144
0.139634	-0.125100	0.137246	-0.120585	0.024912	0.100455	0.027569	0.060501	0.022859	-0.016019	0.095951	-0.182472	0.020186	0.036000	0.015227	0.039485	-0.225115	0.079543	0.090212	-0.078822	-0.044284	-0.232974	-0.158155	0.032399	0.025279	-0.161892	0.089645	-0.068406	-0.009884	-0.052969	0.110605	0.088994	0.036784	0.072958	-0.123922	-0.137059	-0.011036	-0.096016	-0.113630	0.088487	0.168634	0.077820	-0.160869	-0.201069	0.102267	-0.039127	0.111280	-0.017201	0.139637	-0.008085
0.201821	0.047980	-0.271070	-0.163631	0.040010	0.009404	0.043851	-0.195674	-0.136730	-0.128035	-0.146081	-0.059186	-0.086332	-0.027250	0.007980	-0.052634	-0.176518	-0.133346	-0.041146	-0.163700	-0.008628	0.192917	0.019610	0.026289	0.003381	-0.015176	0.108904	-0.182830	0.025302	0.109878	-0.027969	0.009308	0.007016	-0.258609	-0.092659	-0.056853	-0.085247	-0.038904	-0.136579	-0.130731	-0.013728	-0.051684	-0.084669	-0.169830	-0.059705	0.106988	-0.066817	-0.071863	-0.061189	0.138102
0.203691	0.037954	-0.215088	-0.250769	-0.057209	-0.034521	0.125587	-0.162462	-0.072691	0.014212	-0.100068	-0.052566	0.007450	-0.047546	0.073020	-0.026409	-0.184824	-0.204759	-0.015914	-0.097624	0.029698	0.128428	0.033645	0.048966	0.036754	-0.042181	0.114918	-0.148643	0.069574	0.076332	0.025873	-0.201291	0.009378	0.183467	-0.059903	0.112708	-0.080810	-0.032816	0.159657	0.226653	0.011278	0.006211	0.072080	0.199619	0.127957	-0.190613	-0.017501	-0.010901	-0.044128	-0.052813
0.195349	0.087490	-0.289826	-0.231440	-0.004581	0.044437	-0.022861	-0.073239	-0.095845	-0.068945	-0.048887	-0.042828	-0.085465	-0.113282	-0.042106	0.016893	-0.095164	-0.070633	-0.033337	-0.110324	-0.007399	0.157567	0.014464	0.069845	0.063977	0.040319	0.002929	-0.151808	0.071626	0.070192	-0.075162	0.074671	0.049055	-0.061272	0.022335	-0.022171	0.075295	0.036813	-0.243898	-0.014753	0.003136	0.101078	0.148223	-0.089070	-0.124992	0.036532	0.080791	0.077255	0.154125	-0.099962
0.207861	0.154286	0.012709	-0.006607	-0.152245	0.057069	-0.054863	-0.052155	-0.157952	-0.153673	0.244503	-0.011585	0.135548	0.130352	0.048430	-0.189974	0.151663	-0.007206	0.007969	-0.058030	-0.246832	0.074477	0.071250	-0.164231	0.007811	-0.006375	-0.087176	-0.030308	0.057414	0.092922	-0.124551	0.163185	0.010700	0.074029	-0.046659	-0.010252	-0.060700	-0.012270	0.072822	-0.131471	0.161906	0.040595	-0.004226	-0.037782	0.014891	-0.028056	-0.126190	-0.074393	-0.154134	0.071046
0.224018	0.011738	-0.017583	0.104023	-0.114586	-0.008547	0.029216	-0.062028	-0.085171	-0.097759	0.167445	0.016790	0.087028	0.233128	0.099900	-0.204411	0.092459	-0.026433	0.018140	-0.069907	-0.227551	0.003443	0.046253	-0.192133	0.118352	-0.003411	-0.148040	-0.173089	0.013682	-0.016269	0.200067	-0.127222	0.019989	0.016574	0.087000	0.051021	-0.031084	0.059051	-0.081486	0.146434	-0.047039	-0.116967	-0.118335	0.035136	-0.166451	0.093711	-0.032109	0.154869	0.051123	-0.114317
0.124250	0.103820	0.000477	0.033945	-0.039191	-0.018529	0.068747	-0.033351	-0.046886	-0.098802	0.161148	0.027833	0.116867	0.159684	0.100348	-0.105820	0.082426	0.037418	-0.004446	-0.025024	-0.243939	0.017896	0.064742	-0.105122	0.154090	-0.016029	-0.127889	-0.108028	-0.108315	-0.007199	0.068594	-0.011564	-0.040661	-0.010137	-0.033780	-0.090291	0.110685	-0.073859	-0.014787	0.067539	-0.256096	0.134449	0.126203	-0.058989	0.172577	-0.014369	0.179122	-0.051846	0.098860	0.027520
0.252375	0.160203	-0.199471	0.015100	0.012900	0.172074	-0.108584	-0.080667	-0.091193	0.199668	0.093423	-0.025773	-0.098909	-0.018353	0.103293	-0.048158	-0.004416	0.045275	0.064566	0.092481	-0.146708	-0.020810	0.008910	0.115353	-0.005276	0.067080	0.128163	-0.046352	0.118072	-0.169312	-0.193608	0.006288	-0.101327	0.017943	-0.127676	-0.013624	0.137845	-0.125340	0.125159	-0.194782	-0.026803	-0.153579	0.022296	0.068801	0.137532	-0.094386	0.069098	0.168818	-0.119701	0.027439
0.135054	0.012632	-0.135859	0.194762	-0.000204	0.110965	-0.143793	0.013183	-0.158708	0.310325	-0.031785	-0.000530	-0.059353	0.043664	0.222525	0.051436	0.118563	-0.054180	0.214164	0.101444	-0.058872	-0.066515	0.049771	0.039541	-0.067779	-0.002249	0.232514	-0.029895	0.061008	-0.127611	0.062464	-0.019653	0.185371	-0.048536	0.052467	-0.045586	0.128767	-0.112354	0.152503	0.092945	0.062094	0.178305	0.113113	-0.087145	-0.075671	0.063666	0.004709	-0.086076	-0.053678	0.019041
0.095245	0.077683	-0.051567	0.158635	0.067467	0.092678	-0.119695	-0.058855	-0.056199	0.289128	0.050330	-0.032838	-0.006756	0.053604	0.080450	-0.035989	-0.005809	-0.034736	0.173248	0.099081	-0.078148	0.069057	-0.046714	-0.007660	-0.015556	0.032089	0.093409	-0.058151	0.113823	-0.236127	0.127863	-0.020081	0.044079	0.059700	0.020838	0.098630	-0.176474	0.259200	-0.259067	0.075355	0.012359	-0.181824	-0.171084	0.121943	-0.032590	-0.027315	-0.012648	-0.110372	0.246081	-0.029397
0.178973	-0.087847	-0.174475	0.202177	-0.021894	-0.094520	-0.087519	-0.068256	0.038140	0.070530	-0.064687	-0.139709	0.026672	0.102221	0.151926	0.095961	0.088278	0.051147	-0.181377	-0.240061	0.156973	-0.062704	-0.058503	-0.123222	0.016195	-0.070346	0.042974	0.012818	-0.095733	0.044113	0.080315	0.072115	0.092371	-0.156181	0.046059	0.002717	-0.174354	-0.160780	0.050667	-0.187563	-0.123359	-0.036309	-0.074348	0.076123	0.185201	-0.066943	-0.117134	-0.264200	0.027806	-0.267875
0.178622	-0.019484	-0.198695	0.140502	0.020226	0.056806	-0.094346	-0.096321	0.005107	0.176084	0.079691	-0.214818	0.019218	0.089485	0.204643	0.237713	0.165913	0.144621	-0.132972	-0.082736	0.133516	-0.000071	-0.021065	-0.082530	-0.070087	-0.049325	0.013188	0.037982	-0.049211	0.155610	-0.082770	0.063577	-0.160321	0.037637	-0.091451	-0.176826	-0.034788	0.180454	-0.107005	0.152605	0.048657	0.206735	0.069261	-0.008752	-0.009021	0.127960	0.010940	0.158340	-0.000768	0.036012
0.155626	-0.049303	-0.119370	0.098510	0.053996	-0.090066	-0.057747	-0.059074	0.082715	0.039021	0.042463	-0.148461	0.065664	0.071063	0.112838	0.208674	0.144341	0.048381	-0.171590	-0.169256	0.157104	-0.033186	-0.043792	-0.044663	-0.013581	-0.118404	-0.071259	-0.058941	-0.044422	0.100719	-0.113721	-0.009737	0.016511	0.114019	0.122827	0.256583	0.250062	-0.038534	-0.027015	0.114108	0.011066	-0.235881	-0.017184	-0.030325	-0.092892	-0.057133	0.094535	0.094174	0.009596	0.289832
0.247644	0.102952	0.159370	0.083761	-0.005291	-0.118072	0.035056	0.056793	0.073595	0.009771	0.024272	-0.021901	-0.062493	-0.006450	0.059615	-0.072179	-0.002018	-0.165377	-0.015216	-0.150045	-0.092405	0.213388	-0.097728	0.080730	-0.126878	-0.122140	-0.175214	0.220670	0.051872	-0.093386	-0.249686	0.013934	0.118819	-0.034968	-0.097562	-0.195963	0.018542	0.061862	0.074027	0.278496	-0.109974	0.077002	-0.033865	0.123760	0.056594	-0.134814	0.071359	-0.040869	-0.069105	0.057076
0.191919	0.043180	0.092162	0.214301	-0.087772	-0.183075	0.009302	0.096210	-0.012812	0.108860	-0.203564	0.003456	-0.081187	0.022424	-0.002529	-0.079492	0.041022	-0.091677	0.039515	-0.287027	-0.068054	0.178951	-0.105517	0.099408	-0.140759	-0.062394	0.015128	0.053622	0.074778	-0.051001	0.184501	-0.078165	0.042472	0.002730	0.118503	-0.225508	-0.152157	-0.010778	-0.070490	-0.193625	-0.078344	-0.091228	-0.012611	-0.079266	0.071041	0.139586	-0.048179	-0.156398	0.050156	0.041861
0.220184	-0.032253	0.206737	0.109055	0.027760	-0.110885	0.068510	0.023411	0.089063	0.117563	-0.056193	-0.029661	-0.020639	0.023946	-0.018685	-0.002278	0.009267	-0.098853	0.075704	-0.201811	-0.052762	0.311587	-0.072916	0.125867	0.048730	-0.132000	-0.057208	0.153965	0.105346	-0.066754	-0.029121	0.115235	-0.083430	0.045443	-0.017991	0.255962	0.151658	0.038493	0.019966	-0.028003	0.073923	0.032571	0.045672	-0.152528	-0.150383	-0.087593	-0.003588	0.192686	0.031506	-0.125896
0.191663	0.120236	-0.009039	0.093965	-0.050448	0.192531	-0.062294	-0.163420	0.278249	0.149729	0.103119	-0.106252	-0.158887	-0.075805	-0.036808	-0.163575	-0.073004	-0.078235	-0.098869	0.122498	-0.011351	0.036396	-0.063963	0.103459	0.017983	0.055589	-0.193757	0.016916	-0.049580	-0.006771	0.029589	0.076591	-0.110554	-0.068969	-0.037589	0.125827	-0.147261	-0.179755	-0.067163	-0.034457	-0.018666	-0.000083	0.025526	-0.007154	0.091113	-0.101054	-0.084446	0.248372	-0.154867	-0.022815
0.172174	-0.006405	0.008364	0.067810	0.012534	-0.029034	-0.142239	-0.096573	0.181403	0.059352	0.040628	-0.052187	-0.206154	-0.064268	-0.031692	-0.180601	-0.125088	0.026200	-0.145289	0.119814	-0.032082	0.061668	-0.030261	0.085597	0.002282	0.152928	-0.167271	-0.011066	-0.142547	0.124441	0.113800	0.093097	0.274750	-0.015723	0.033039	-0.065255	0.066123	-0.124745	0.013404	0.100927	0.023525	0.095584	0.024905	0.209234	-0.170119	0.175229	0.045328	-0.131424	-0.021722	0.072150
0.163405	0.054759	-0.009881	0.083502	0.027978	0.066374	-0.115180	-0.154554	0.153427	0.138353	0.164014	-0.105412	-0.173319	0.025050	-0.041176	-0.149417	-0.151687	0.027020	-0.147669	0.168428	0.053211	-0.008589	-0.114328	0.098519	-0.008704	0.085240	-0.143841	-0.079070	-0.064090	0.124570	-0.031500	-0.216967	-0.114558	0.083410	0.043829	-0.104172	0.087014	0.218766	0.145575	-0.055089	0.020145	-0.018157	-0.042225	-0.213483	0.041866	-0.049014	-0.055473	-0.174557	0.211972	0.056216
0.223305	0.130185	0.079869	0.056712	-0.273632	0.200072	-0.142335	0.168890	-0.126780	-0.046728	-0.043358	0.114560	-0.030355	-0.052916	0.033674	-0.042172	-0.019183	-0.064769	-0.035359	-0.072822	0.055074	-0.100714	-0.141150	0.025669	-0.037840	0.163253	0.009671	0.090962	0.059277	0.228104	-0.231191	-0.130345	-0.203940	0.086626	-0.000753	0.057770	-0.102002	0.108106	0.023605	-0.116082	-0.035769	-0.005423	0.081692	0.085406	-0.056260	0.166472	0.148865	0.027429	0.204260	-0.146777
0.152061	0.003309	0.013854	-0.009201	-0.033157	0.159728	-0.123010	0.127205	-0.183265	-0.112496	-0.059817	0.117192	-0.032333	0.056419	-0.023909	-0.073852	-0.041624	-0.052071	-0.085821	-0.065782	0.052925	-0.048192	-0.146225	0.050316	0.001705	0.228207	0.120079	0.037275	0.141085	0.140908	-0.040235	0.292360	-0.079174	0.113463	0.066966	-0.004882	0.205102	-0.054639	-0.014223	0.025024	-0.241092	-0.015543	-0.218465	0.110705	0.010509	-0.220834	-0.031913	-0.049442	-0.149386	0.128793
0.262671	-0.135640	0.061933	0.165960	-0.252994	0.147124	-0.172514	0.063293	-0.083511	-0.138885	-0.240876	0.059564	-0.079488	0.094410	-0.045035	-0.072363	0.015106	-0.002762	-0.096330	-0.075359	-0.014976	-0.147915	-0.015157	0.053683	0.022307	0.116918	0.150747	0.130948	0.034593	0.088356	0.259027	-0.111986	0.122508	-0.050112	-0.041543	0.001777	0.014476	0.019452	-0.050434	0.237431	0.115464	-0.039115	0.060712	-0.145700	0.114424	0.042120	-0.047979	0.103191	-0.009800	0.027844
0.170569	-0.072707	0.019355	0.000880	0.056225	0.227746	0.178935	0.381481	-0.051598	0.054305	0.028511	-0.082261	0.001814	-0.046772	-0.042771	-0.035900	0.095591	-0.106136	-0.201566	0.128314	0.083268	0.147120	0.080916	-0.111329	0.010192	-0.037696	0.024065	-0.046577	-0.013869	-0.045094	-0.045799	-0.166428	0.214684	-0.075556	0.000206	-0.072971	-0.036989	0.025203	0.062381	0.063940	-0.012761	-0.078138	0.035695	0.026669	0.117128	0.007991	-0.030591	0.070578	-0.083819	-0.061542
0.126734	-0.070093	0.059578	-0.032370	0.057221	0.183986	0.148067	0.321876	-0.046859	0.042537	0.089839	-0.124765	-0.030061	-0.019944	0.008303	-0.032938	0.060256	-0.113273	-0.204524	0.085097	0.086475	0.176070	0.120789	-0.094857	0.029903	-0.065070	0.055948	-0.074855	-0.001928	-0.014324	0.019524	-0.068932	0.074253	-0.001215	0.136220	0.061476	0.009416	-0.091134	0.101384	-0.092933	-0.036810	-0.055008	0.057095	0.010534	0.081040	0.196414	-0.001790	0.027199	0.250713	0.168510
0.122755	0.012218	0.054102	-0.003700	0.051112	0.270463	0.006988	0.194938	0.057090	0.120559	-0.054481	-0.032893	0.041571	-0.065049	0.028380	-0.069852	0.094866	-0.053045	-0.166694	0.089067	0.116326	0.248661	0.181882	-0.101671	0.042301	-0.006993	0.053742	-0.029785	0.013387	0.001036	0.057540	0.216827	-0.334484	0.051830	-0.055165	0.014048	-0.044388	-0.009788	-0.101824	0.004166	0.051370	0.152579	-0.184489	-0.123285	-0.172412	-0.193652	0.074673	-0.078025	-0.115761	-0.099385
0.217388	-0.142277	-0.072450	0.018334	0.026646	0.119734	0.181858	-0.191835	0.037915	0.053573	-0.073450	-0.044510	0.197328	-0.127097	0.079220	-0.235025	-0.113960	0.063462	0.027896	-0.203105	0.048178	-0.145612	0.152120	-0.071566	-0.086145	0.097819	-0.051151	0.079735	0.113704	-0.085996	-0.114409	-0.110461	-0.021469	-0.138395	0.142700	0.005162	0.001224	-0.109608	0.069104	-0.032313	-0.046214	-0.111637	-0.150820	0.116473	0.061308	0.042397	-0.016615	0.050582	0.035590	0.087931
0.125498	-0.152424	0.006162	0.027791	0.111941	0.156545	0.165022	-0.028162	0.024644	0.033284	-0.021560	-0.109225	0.210332	-0.142184	0.031374	-0.115804	-0.070152	0.129449	-0.008582	-0.133631	0.046982	-0.159618	0.125821	0.018129	-0.057846	0.044361	-0.091348	0.004380	0.069639	-0.058154	-0.055924	0.024201	0.013843	0.138734	-0.069760	-0.332365	-0.019124	0.059344	0.006275	0.005025	0.148773	0.108846	0.227247	0.068082	-0.151001	-0.202822	-0.059320	0.015221	0.131714	-0.010937
0.147166	-0.109095	0.089541	0.085203	0.108309	0.128693	0.178132	-0.158410	0.091188	0.176069	-0.151892	0.046961	0.158573	-0.217537	-0.016838	-0.227488	0.008645	0.148515	0.087035	-0.174691	0.020817	-0.056509	0.163661	-0.057456	0.049014	0.146723	-0.033523	0.115185	0.054414	0.034710	0.071369	0.065903	-0.005498	0.007357	0.009193	0.237190	0.064105	0.086353	-0.033752	0.001897	-0.109071	0.031101	-0.002189	-0.166649	0.064334	0.169262	0.054861	-0.034393	-0.109283	-0.032300
0.283566	-0.100573	-0.007617	-0.089306	0.021365	-0.238195	0.004275	0.119846	0.100347	0.006539	0.158185	-0.055670	-0.138972	-0.014347	-0.065401	0.091200	-0.083201	-0.046878	0.019335	-0.097108	-0.124306	-0.084818	0.111753	-0.090152	-0.055367	0.251910	0.103021	-0.033821	-0.037663	-0.081581	-0.104867	0.036862	-0.073263	0.092200	0.124752	-0.116781	-0.049837	-0.093337	-0.108264	0.050930	0.103873	-0.073084	-0.070386	-0.130384	0.094938	-0.010425	0.314627	0.038092	-0.058956	0.031202
0.120894	-0.002793	0.041974	0.008709	0.077585	-0.201803	0.040144	0.086571	0.085867	-0.012655	0.068256	-0.084242	-0.047502	0.047549	-0.015180	0.115771	-0.026219	-0.051519	-0.049406	-0.035694	-0.165138	-0.125338	0.223899	0.067622	0.054305	0.313052	0.129808	-0.072337	-0.075575	-0.090631	-0.172368	-0.017859	-0.165098	-0.102851	-0.080395	0.029850	-0.120269	0.015079	0.099731	0.173057	-0.105738	0.000666	-0.139644	-0.060698	-0.049200	-0.034096	-0.256049	-0.063447	0.087291	-0.017102
0.232624	-0.146150	0.030767	0.190454	0.038023	-0.261773	-0.030928	0.205462	0.086836	0.018027	0.007416	-0.152578	-0.090753	0.035450	-0.072283	0.042627	-0.071806	-0.100633	-0.055690	-0.141577	-0.113312	-0.022317	0.179083	0.039086	0.083890	0.175306	0.107704	-0.002888	-0.107723	-0.013474	0.087435	0.017982	0.129252	0.013169	-0.089080	0.247376	0.092833	0.078880	0.028880	-0.147405	0.047001	0.106227	0.187042	0.096625	-0.054141	0.045544	-0.113622	0.042980	-0.026036	-0.016013
0.192756	-0.011828	0.055911	-0.035802	-0.131215	-0.038029	0.073003	0.019959	0.031038	-0.037479	0.180913	-0.089256	0.116005	0.146296	-0.149221	-0.004034	-0.087898	0.116522	0.251271	0.083125	0.249823	0.127465	-0.080720	-0.032688	0.004819	0.012534	0.186294	0.113694	0.091862	0.049773	-0.029913	-0.149640	0.023206	-0.086810	0.002074	-0.047529	0.084531	-0.312727	-0.001903	0.106452	-0.137308	0.079440	-0.071414	0.028873	-0.086234	0.049399	-0.130557	0.095832	0.142807	0.070659
0.160450	-0.044250	-0.085094	0.050348	-0.080563	-0.043179	-0.029286	-0.083482	0.143091	-0.033053	0.233848	-0.126199	0.067082	0.153654	-0.209717	0.012808	-0.073431	0.023640	0.158118	0.086824	0.170139	0.088456	0.056375	-0.091715	-0.122740	0.069586	0.211570	0.093518	0.074483	0.046810	0.047442	-0.100037	-0.060712	-0.089118	0.208790	-0.060731	-0.106035	0.257546	-0.059864	-0.016231	-0.069527	0.011308	0.107086	-0.045576	0.017892	-0.124622	0.195148	-0.052317	-0.114144	0.015728
0.343891	-0.033395	0.104566	-0.042201	-0.107653	-0.061496	-0.134309	-0.079559	0.053363	-0.005353	0.118220	-0.089025	0.127929	0.035879	-0.217693	-0.033884	0.031711	0.145142	0.173732	0.015443	0.074687	0.209347	0.097673	-0.052625	-0.057004	-0.001288	0.025891	-0.061448	0.051736	0.183757	0.082513	0.180293	0.059613	0.021051	-0.102322	0.018368	0.019898	-0.020552	0.169595	-0.084225	0.108739	-0.122570	0.063774	0.028606	0.017326	0.000041	-0.050976	0.007431	-0.043233	-0.107130
0.171605	-0.101417	-0.053105	0.105144	0.033227	-0.040793	-0.025963	0.048705	-0.031227	-0.224503	-0.104480	-0.081467	0.129401	-0.033566	0.039942	-0.148250	0.205512	0.084452	0.091106	0.051200	0.112754	0.057124	-0.011597	0.274779	-0.196589	0.028800	-0.000866	-0.163499	-0.161345	-0.104044	0.060171	0.068163	-0.179343	-0.050506	-0.141834	-0.001468	-0.090205	-0.168843	0.135237	0.139764	0.049537	0.013806	-0.040407	0.038044	-0.097000	0.129650	0.051241	-0.163269	0.030141	-0.177778
0.253502	-0.103983	-0.163296	-0.071264	0.062065	-0.087103	-0.083691	0.096954	-0.097980	-0.242107	0.032211	-0.011481	0.003795	-0.095443	0.005630	-0.188401	0.137507	0.016217	0.137536	0.094958	0.066242	0.056735	-0.103954	0.183865	-0.095402	0.028276	0.016514	-0.070624	-0.037099	-0.103650	-0.132079	0.129184	-0.047253	0.002527	0.219803	0.078945	0.078230	0.136516	-0.135873	-0.044876	-0.052632	0.171687	0.035247	0.066980	0.138673	0.125921	-0.182325	0.025758	-0.019440	0.160047
0.201889	-0.108551	-0.146281	0.083912	0.083737	-0.088570	-0.058653	0.097669	0.006851	-0.153610	0.013455	-0.061406	0.155935	-0.122522	-0.001781	-0.090523	0.199676	0.060839	0.009931	0.019438	0.100161	-0.010171	-0.073057	0.206247	-0.088837	0.018214	-0.099567	-0.099654	-0.138670	-0.063515	0.079257	-0.204309	0.108852	0.198343	-0.149960	0.039407	-0.045245	0.013399	-0.000630	-0.053375	-0.001594	-0.174160	-0.027931	-0.142884	-0.046730	-0.184232	0.180921	0.122480	-0.043813	0.050002
0.265857	0.140528	0.005923	0.079676	-0.263083	-0.062256	0.041573	0.145779	0.003207	-0.023226	0.064833	0.105398	0.039567	-0.213061	0.071201	0.097342	-0.079875	0.210686	-0.103643	0.048564	-0.059322	0.014941	-0.005479	-0.064691	-0.208465	-0.029556	-0.057307	-0.083509	0.174613	0.056658	-0.068850	-0.053334	0.035189	-0.087035	-0.176411	0.096587	0.084632	0.005278	-0.052912	-0.020455	0.222272	-0.081090	-0.091489	0.033046	-0.073856	0.046530	-0.192227	0.008468	0.092198	-0.117412
0.122255	0.146138	0.018027	0.033893	-0.053947	-0.093114	0.112067	0.058689	0.048137	-0.027949	0.040669	0.134984	0.038300	-0.155731	0.081938	0.110741	-0.090288	0.293129	-0.160179	0.081016	-0.132691	-0.009989	-0.012153	0.008258	-0.217744	-0.060351	0.061101	-0.156134	0.070901	-0.010769	0.129996	-0.004155	-0.006835	-0.258581	-0.002808	0.126119	0.087687	0.084084	0.034806	0.066770	-0.184468	0.190444	0.068887	0.043169	0.023108	-0.255979	0.086845	-0.080609	0.037427	0.060262
0.164678	0.088532	-0.023012	-0.039365	-0.136357	-0.149968	0.033307	0.101094	0.022348	0.075930	-0.038739	0.141251	-0.032184	-0.159086	-0.017783	0.115108	-0.114387	0.203001	-0.098889	-0.023132	-0.081139	0.033824	-0.053331	-0.052599	-0.208083	0.009092	-0.032241	-0.161519	0.088744	-0.056155	0.125297	0.056989	-0.033321	0.221044	0.271442	-0.148747	-0.166123	-0.032126	0.123229	-0.050689	-0.048489	-0.077070	0.012161	-0.137038	0.037457	0.163583	0.040242	0.114537	-0.148259	0.101952
0.308385	-0.139182	0.274478	-0.028034	-0.058620	-0.030798	-0.013299	-0.109428	0.058780	-0.075802	-0.098054	-0.103454	0.020079	0.085615	0.102575	0.160666	0.121978	-0.021866	-0.037460	0.115082	-0.043793	-0.004138	0.035383	0.250452	0.144060	-0.022911	-0.036863	-0.047205	0.294745	0.052681	0.072577	-0.020355	0.045957	-0.042642	0.106282	0.104967	-0.010225	-0.118926	-0.068224	-0.139409	0.087277	0.023354	0.051587	0.090699	0.089857	0.024614	0.082141	0.086266	-0.002576	0.005957
0.300441	-0.089753	0.077274	-0.285450	0.034156	-0.111230	0.039838	-0.108752	0.052859	0.158011	-0.062845	0.098435	0.066163	0.071565	0.041125	0.065456	0.098165	0.026333	-0.041492	0.118162	0.056482	-0.004345	0.076363	0.040739	0.069522	0.035424	-0.112871	-0.039909	0.124097	0.097428	-0.007099	-0.092935	0.127652	0.182519	-0.139438	0.039074	0.115255	0.050256	-0.083659	-0.087369	-0.052984	0.067242	-0.095035	-0.168532	0.079321	0.035455	-0.006259	-0.119005	-0.145187	-0.001157
0.195175	-0.085857	0.142506	-0.112523	-0.012315	-0.083568	0.127292	-0.062582	0.078123	-0.025242	-0.112055	-0.029047	0.045773	0.153819	0.206739	0.128713	0.172921	-0.020845	-0.066655	0.246473	-0.013098	-0.081797	0.113627	0.244794	0.117180	0.071127	-0.045718	-0.054392	0.249238	0.033601	-0.088158	0.069141	-0.126968	-0.078378	0.060253	-0.201102	-0.189315	0.079119	0.055888	0.063631	-0.096839	-0.047215	0.038162	0.073358	-0.127901	-0.024151	-0.033895	-0.023066	0.122953	0.018639
0.071494	0.179679	-0.173891	-0.065854	0.077214	0.203748	-0.099719	0.099946	0.492691	-0.166522	-0.018506	0.114309	0.015055	-0.011428	0.004148	0.059411	0.168930	-0.135815	0.114161	-0.096712	-0.068218	-0.109207	-0.033626	-0.052345	-0.038188	-0.041163	0.016313	0.021929	0.117767	-0.035497	0.042939	-0.043196	0.005588	0.027895	-0.127691	0.033314	-0.021586	-0.054610	0.037284	-0.142973	0.040921	0.063634	0.035897	-0.075119	-0.015279	0.059319	-0.040408	0.027848	0.123380	0.085150
0.111492	0.152113	-0.141104	0.016332	0.012993	0.156503	0.029774	0.131815	0.467796	-0.136744	-0.008512	0.066637	-0.011507	0.043673	-0.023123	0.052963	0.072854	-0.166524	0.114536	-0.035029	-0.007603	-0.084246	0.011837	-0.111820	-0.055226	0.008771	-0.006437	0.018640	0.126420	-0.031994	0.079173	-0.049422	-0.133945	-0.134458	-0.111150	-0.039984	-0.088276	0.051968	-0.021978	0.031414	-0.032008	0.022426	-0.049302	0.080288	0.044867	0.007240	0.106326	-0.115640	-0.151627	0.021188
0.137171	0.068800	-0.237882	-0.135498	0.051079	0.052173	-0.044277	0.061315	0.231345	-0.091377	-0.050174	0.020029	-0.014375	-0.020163	-0.014564	0.094502	0.044704	-0.051708	0.103195	-0.084360	0.002773	-0.024152	-0.007797	-0.004821	0.035897	-0.031970	-0.084323	-0.081678	0.066367	0.045268	0.010273	0.070998	0.150176	0.153546	0.296787	0.015373	0.264400	0.049975	0.040856	0.159050	-0.003310	-0.071207	-0.008508	0.072058	-0.045149	0.003680	-0.114746	-0.047542	0.032795	-0.179636
0.184218	0.110625	-0.189317	-0.215024	0.155227	-0.060956	-0.127448	0.194538	0.008097	0.029425	-0.124075	-0.067647	0.127250	-0.002267	-0.208762	-0.062853	0.070552	0.178023	-0.073199	0.041970	-0.113128	-0.036158	-0.117150	0.048088	0.204584	-0.043153	-0.100953	0.091823	-0.015447	-0.112123	-0.007357	-0.016020	0.053385	-0.224768	0.072285	-0.077478	0.016494	0.110634	0.028424	0.067321	-0.056888	-0.062002	-0.015364	0.028925	0.018939	-0.128019	0.088832	0.177369	0.018265	0.072936
0.288706	0.058827	0.001223	-0.230935	0.040931	-0.182478	-0.095189	0.067125	-0.003683	0.256917	-0.084333	-0.070860	0.193107	0.077320	-0.133432	-0.046757	-0.096315	0.058454	-0.042480	0.026810	-0.015735	-0.035708	-0.058034	-0.085072	0.027443	-0.071397	0.017612	0.077835	0.023826	-0.038546	0.167061	-0.161885	-0.082800	0.262847	-0.123746	0.096639	-0.020161	-0.027578	-0.022297	0.045351	0.006439	0.141680	-0.091602	0.067183	-0.004413	0.110013	0.002303	-0.079293	0.112985	0.041554
0.175833	0.109529	-0.197463	-0.180443	0.008614	-0.016475	-0.213892	0.093777	-0.078358	0.085642	-0.076486	-0.053448	0.110744	0.025899	-0.174398	-0.076689	0.055172	0.207278	-0.203899	-0.036554	-0.108349	-0.059996	-0.171468	0.001207	0.251327	0.001217	0.014076	0.192024	0.061747	-0.106450	-0.121541	0.088458	-0.009942	-0.162492	0.052905	0.024614	-0.123764	-0.043059	0.087640	-0.036505	0.092859	-0.039096	0.098667	-0.059751	-0.090692	0.055995	-0.059837	-0.114147	-0.110347	-0.106713
0.313622	0.239765	0.045206	-0.050893	-0.081219	0.018286	-0.014613	-0.133559	-0.179921	-0.143236	0.212662	-0.111425	0.040238	-0.076331	-0.091931	0.032554	0.082573	-0.104874	-0.081512	0.031332	0.069191	-0.082436	0.071320	-0.057355	-0.121178	-0.025733	-0.009604	0.207126	0.072841	-0.103403	-0.142265	0.087445	0.060438	0.070033	0.007320	0.114363	-0.048969	0.070609	0.017939	-0.111567	0.134129	-0.044620	0.114670	-0.067974	0.015066	-0.009195	0.034191	-0.267889	-0.085304	0.111027
0.274225	0.107307	0.111862	-0.070492	-0.026814	0.020773	0.028009	-0.186005	-0.093313	-0.099378	0.159237	-0.081928	-0.061786	-0.159538	-0.105880	0.139063	0.160044	-0.119967	-0.156816	0.025122	0.003856	-0.146223	0.054252	0.084921	-0.039857	-0.039237	-0.014504	0.190477	-0.030442	-0.184949	0.222732	-0.146001	-0.113577	-0.034760	0.106833	-0.087742	0.181839	-0.184412	-0.151160	0.068581	-0.053114	-0.050654	0.051377	0.028289	0.021044	-0.061534	-0.176828	0.074378	-0.006004	-0.138721
0.071636	0.156164	-0.090316	-0.096283	-0.026384	0.020526	0.096739	-0.162633	-0.190308	-0.131597	0.010578	-0.124635	-0.089901	-0.126419	-0.055037	0.143316	-0.029297	-0.175937	-0.039819	-0.031691	0.110312	-0.020469	0.125776	0.028172	-0.005291	0.004484	-0.059433	0.123998	-0.012252	-0.107059	0.279018	0.125489	0.023673	-0.039215	-0.083776	0.013775	0.039876	0.233950	0.265110	0.000391	-0.025166	0.087444	-0.203488	-0.020862	-0.103837	0.106749	0.159027	0.091833	0.173901	0.023781
0.208314	-0.204058	-0.118456	0.207162	-0.020756	-0.015816	0.004636	-0.067506	-0.004561	-0.131723	-0.135718	0.111657	-0.113158	0.163480	-0.105515	0.001898	-0.115929	0.008451	-0.065750	0.036358	-0.011486	-0.027590	0.175695	-0.033363	-0.012295	-0.255093	-0.060560	0.050540	0.027531	-0.099271	-0.049979	-0.057469	-0.076854	-0.036484	0.014581	0.123945	-0.021223	-0.159998	-0.012016	-0.146701	0.094638	0.022914	-0.122314	0.221304	-0.149052	0.037789	0.137284	-0.028290	-0.056553	0.118984
0.186819	-0.138686	-0.121394	0.077260	0.031794	0.003078	-0.078955	-0.078041	0.005114	-0.034552	0.015723	0.113485	-0.110128	0.106355	-0.258027	0.030988	-0.129966	0.062686	-0.055015	0.108239	-0.029310	-0.021017	0.168758	0.026480	-0.026407	-0.219758	-0.039600	-0.078320	0.016084	-0.132686	-0.239902	0.029994	-0.038928	0.153650	-0.024983	-0.029391	0.162642	0.133827	0.050208	-0.109635	-0.245293	0.044378	-0.013469	-0.047013	0.228603	0.118529	0.014886	-0.006334	0.110330	-0.247736
0.156914	-0.183359	-0.116768	0.149825	-0.090527	0.117394	-0.072617	-0.005308	-0.022554	-0.098705	-0.229959	0.153472	-0.191509	0.196667	-0.137580	-0.060005	-0.034403	0.112084	-0.079303	0.045950	0.019306	-0.057346	0.245888	-0.009435	-0.039109	-0.138016	0.008115	0.056172	0.017998	-0.062875	0.081805	0.009902	0.033436	0.003724	-0.078098	-0.105599	-0.070235	0.022506	-0.035628	0.254165	0.041544	-0.047742	0.183007	-0.188764	-0.066144	-0.099578	-0.127226	0.016746	-0.042975	0.096713
0.150496	0.282426	0.092322	0.132386	-0.000922	-0.051491	0.082175	0.024193	-0.047272	-0.004915	-0.080646	-0.048319	-0.032843	0.004067	-0.089427	0.031348	-0.074071	-0.017489	0.074293	0.090737	0.289648	-0.092762	-0.111028	-0.185559	0.046509	0.083304	-0.144688	-0.092500	0.102077	-0.191596	-0.125136	0.013383	0.133878	0.099147	-0.106547	0.060391	-0.254891	-0.042412	-0.211145	0.092773	-0.104261	-0.055547	0.095877	0.001989	-0.004900	0.144522	0.005372	-0.061301	-0.085166	0.138399
0.159662	0.101697	0.023370	0.111136	0.081901	-0.067550	-0.025555	-0.029825	-0.082642	-0.093589	-0.116483	0.017040	-0.111556	0.071694	-0.051668	0.014414	-0.012643	0.045023	-0.045267	-0.081767	0.257310	-0.072912	-0.102237	-0.154174	0.118081	0.181499	-0.035705	-0.166380	0.102989	-0.130592	0.123191	0.180966	0.197702	0.080754	-0.037403	-0.102048	0.041661	-0.070332	0.178229	-0.176992	-0.093807	0.246011	-0.177892	-0.043662	0.028507	-0.129026	0.000292	0.127602	0.064694	-0.089409
0.181817	0.218140	0.173611	0.175709	0.277224	-0.064516	0.123702	-0.031397	-0.059709	-0.096662	-0.148402	0.040851	-0.108207	0.135529	0.020623	-0.019599	-0.019594	0.024680	0.065081	-0.024285	0.118514	0.024747	-0.126877	-0.121336	0.153731	0.053481	-0.043115	-0.233009	0.018592	-0.085266	0.013845	-0.141470	-0.276675	-0.144074	0.106679	-0.011260	0.196833	0.064420	0.073676	0.034786	0.226276	-0.063673	0.162141	0.028744	-0.046956	-0.047813	0.003840	-0.001989	-0.033810	-0.034676
0.309713	-0.125634	0.138466	-0.063149	-0.140713	0.094499	0.046214	-0.160956	-0.021569	0.255716	0.069363	0.290490	-0.195140	-0.258881	-0.376634	0.115256	0.419188	0.040139	0.107469	-0.198023	-0.005919	-0.021552	-0.025875	-0.007737	0.153305	-0.041643	0.053018	-0.230210	-0.172837	0.046862	-0.048393	-0.018221	0.014877	-0.041046	-0.020116	-0.058099	-0.055794	0.013499	0.002222	0.035016	-0.006869	0.016077	-0.045262	0.089163	-0.016751	-0.032479	0.004874	-0.023441	0.018625	0.059229
0.302850	0.414557	0.026557	0.109624	-0.071998	-0.081491	0.013644	0.165970	-0.106234	0.175880	-0.308027	-0.171455	0.142574	-0.046207	-0.093804	0.028162	-0.048086	-0.187682	0.274594	0.156986	-0.041474	-0.242698	0.227141	0.023785	-0.080389	-0.171079	-0.139264	-0.043194	-0.222646	0.288215	-0.046475	0.048906	0.001753	-0.044441	0.084727	0.000238	-0.007466	-0.043335	-0.032113	-0.025057	-0.029791	0.022796	-0.031226	-0.019441	0.012416	-0.064586	0.001256	0.042892	0.015772	0.008181
0.307050	-0.241301	-0.147262	0.373089	0.269646	0.045201	0.114809	-0.112814	-0.075456	-0.028110	0.032569	0.186176	0.385762	-0.095501	-0.185294	0.264695	-0.118668	-0.265918	-0.071016	0.202403	-0.200999	0.063686	-0.257054	-0.045973	0.021856	0.082779	0.003010	0.037373	0.002927	0.096792	0.020965	0.025321	0.007908	0.009029	-0.006471	-0.045455	-0.025437	-0.002804	-0.008002	-0.002853	0.042039	0.035384	-0.015024	0.005595	-0.012025	0.018096	-0.028328	0.004021	-0.017034	0.007776
0.238455	0.391426	0.216796	0.050369	0.456772	-0.015651	0.090792	-0.199782	0.112561	-0.170103	-0.050242	0.103481	-0.061038	0.006985	0.052398	-0.171133	0.093670	0.164105	-0.164222	0.054295	-0.093550	-0.001855	0.027251	0.020491	-0.039458	-0.123455	0.449873	0.086594	-0.110926	0.153271	-0.068372	0.001361	0.108748	0.094259	0.023067	-0.009113	-0.051705	0.010236	-0.038195	0.009936	0.008604	-0.034129	-0.036808	0.010324	-0.018332	0.034122	0.034391	0.042822	0.021096	-0.048263
0.295328	0.187739	-0.163630	0.070056	-0.405553	0.051195	0.383781	0.022776	0.147297	-0.028475	-0.004723	0.192281	0.092561	0.052599	0.198416	0.108251	-0.142560	0.141526	0.051051	0.056356	0.105535	0.121157	-0.014173	0.170641	0.345098	0.041128	0.077947	0.167855	-0.314296	-0.137722	-0.013709	0.064537	0.002546	0.080048	-0.009228	-0.014057	0.023953	0.021021	-0.011810	-0.025660	0.048910	-0.023733	-0.011893	0.012781	0.036689	0.019985	0.004055	-0.032876	0.004358	0.026272
0.280344	-0.171752	-0.053690	0.097251	0.059979	-0.314687	-0.255517	0.117601	-0.020710	-0.095428	0.174293	0.131230	-0.130338	-0.455104	0.289323	-0.147228	-0.066869	-0.069455	0.123857	0.108147	0.138617	-0.057775	0.079300	-0.172577	0.333475	-0.197655	0.030190	0.120792	0.104936	0.102545	0.032662	-0.039582	-0.044415	-0.000909	-0.026747	-0.075594	-0.020853	0.018815	-0.001967	0.006704	-0.016356	-0.001911	-0.013912	0.010985	0.001217	-0.019352	0.000889	0.000064	-0.020539	-0.001730
0.392327	-0.267899	-0.017053	-0.325999	-0.110362	-0.183861	0.195353	-0.091432	0.066376	0.135297	-0.158654	0.116353	-0.111843	0.127765	0.148122	-0.190804	0.090081	-0.192910	-0.012583	0.201777	0.011453	-0.115862	-0.237605	-0.324913	-0.259447	0.004025	0.063992	0.083048	-0.155151	-0.050429	0.015776	0.116331	-0.050185	-0.033673	-0.045826	0.039683	0.022589	0.012420	0.043593	-0.028861	-0.005829	-0.036331	0.085266	0.006913	-0.036480	-0.020429	-0.004383	0.064744	0.048649	-0.030447
0.297637	-0.083274	-0.156410	-0.102115	0.331062	0.152944	0.212557	0.120314	-0.211167	-0.074272	-0.007515	-0.052249	-0.394001	0.039784	0.068818	0.207320	0.042093	0.301875	0.280688	0.018580	-0.142357	0.119472	-0.018169	-0.060489	-0.054932	0.131419	-0.235992	0.248457	-0.025533	0.177128	0.082903	-0.064584	-0.034626	0.048879	-0.002397	0.038661	-0.072778	-0.030105	0.003323	-0.028130	-0.007051	-0.011603	-0.007212	0.014278	0.028239	-0.022221	-0.015703	-0.037230	-0.007686	-0.023454
0.252428	-0.149769	0.350828	-0.109725	-0.106870	0.258938	-0.355676	-0.138509	0.092035	-0.221205	-0.279062	-0.249327	0.080941	-0.164156	0.141685	0.227444	-0.124010	0.080166	0.094175	0.041726	-0.170911	0.156715	-0.037095	-0.215370	0.031208	0.001991	0.034030	-0.050300	-0.218831	-0.165384	-0.064737	-0.079782	0.038524	0.014291	0.011855	-0.013292	0.008315	0.039966	0.018102	-0.038212	-0.083889	-0.003990	-0.000325	-0.002359	-0.038982	-0.015905	-0.023167	-0.015156	-0.038496	0.027687
0.320297	0.082060	0.153476	-0.235598	0.263754	0.067158	-0.328254	0.046199	-0.074413	0.107530	0.163027	0.476211	0.179899	0.174254	0.156914	0.105639	-0.167965	-0.067840	-0.007554	-0.142417	0.215061	0.065059	0.182357	0.087463	-0.139430	0.072765	-0.148207	0.017087	-0.174056	-0.056208	0.034479	-0.017303	0.015056	-0.091621	0.041640	-0.001551	-0.042510	-0.010823	-0.019028	0.003891	0.027755	0.011002	0.054451	0.029546	0.013414	0.016771	-0.010170	0.030267	0.000495	-0.013660
0.369561	-0.177483	0.220331	-0.114209	0.088751	0.226806	0.146952	0.183641	-0.023827	0.010992	0.288870	-0.174555	-0.051087	0.099792	0.019885	0.007470	-0.301087	0.014088	0.079917	-0.167862	-0.026243	-0.335192	-0.242977	0.176101	0.044047	-0.332062	0.086703	-0.155360	-0.011435	-0.002741	0.081781	0.109086	-0.031378	0.012620	-0.074063	0.001863	-0.038403	0.027288	-0.012502	-0.004278	-0.007964	-0.002720	-0.020858	-0.020917	-0.055223	0.032685	-0.010084	-0.032601	-0.057620	0.011995
0.329788	0.089796	-0.418560	-0.352462	-0.014165	0.003421	0.093725	-0.247315	-0.166916	-0.096087	-0.168921	-0.085952	-0.083114	-0.094887	0.031688	-0.039819	-0.259576	-0.236030	-0.048485	-0.204496	0.010188	0.261326	0.038684	0.076264	0.052722	-0.017506	0.136373	-0.265481	0.089273	0.142294	-0.033049	-0.087106	0.031324	-0.063878	-0.081664	0.027147	-0.067227	-0.027086	-0.086980	0.058013	0.000352	0.017726	0.059943	-0.014059	-0.009884	-0.039996	-0.014707	-0.015097	0.004015	0.004318
0.322153	0.149337	-0.003069	0.076765	-0.180259	0.019656	0.018783	-0.085481	-0.169226	-0.199644	0.326912	0.016985	0.191011	0.298897	0.139156	-0.290473	0.187231	-0.002446	0.013779	-0.089796	-0.405577	0.055081	0.102324	-0.267252	0.152480	-0.013674	-0.205273	-0.177296	-0.009982	0.041699	0.082763	0.012848	-0.001029	0.049318	0.009585	-0.018408	-0.001564	-0.006676	-0.014195	0.045026	-0.057064	0.017158	-0.014331	-0.029390	-0.010171	0.034205	-0.007919	0.026233	-0.012090	-0.014991
0.281565	0.140925	-0.229127	0.212418	0.041350	0.217927	-0.215193	-0.068461	-0.182561	0.459601	0.059821	-0.031945	-0.099060	0.043960	0.242410	-0.013606	0.069862	-0.025389	0.261073	0.168475	-0.162649	-0.019748	0.013369	0.088849	-0.053999	0.053995	0.269843	-0.075393	0.165172	-0.299021	-0.009399	-0.018907	0.080653	0.009675	-0.030951	0.012635	0.073858	-0.014504	0.039987	-0.017113	0.029987	-0.068033	-0.001061	0.046217	0.016065	-0.028546	0.037106	-0.011336	0.019502	0.013395
0.292074	-0.087107	-0.283037	0.251769	0.028359	-0.064986	-0.137575	-0.128666	0.067726	0.168761	0.035039	-0.288639	0.061107	0.149778	0.270636	0.309612	0.227383	0.143316	-0.273548	-0.274265	0.252619	-0.052582	-0.068723	-0.143509	-0.041285	-0.131753	-0.004878	-0.000077	-0.107356	0.173452	-0.065329	0.074713	-0.038539	-0.005020	0.033444	0.026117	0.010986	0.001056	-0.051733	0.048422	-0.033472	-0.015713	-0.007943	0.021542	0.050023	0.011643	-0.009739	-0.001488	0.020153	0.022929
0.375116	0.067462	0.259188	0.230575	-0.037745	-0.234050	0.063385	0.100836	0.084760	0.131837	-0.131981	-0.027153	-0.094149	0.022028	0.023434	-0.088845	0.027162	-0.203439	0.054878	-0.361599	-0.121872	0.397588	-0.157289	0.172781	-0.127913	-0.179501	-0.125834	0.244531	0.130592	-0.120424	-0.058178	0.026868	0.048407	0.005823	-0.000008	-0.103325	0.007509	0.051349	0.014486	0.038712	-0.068760	0.011362	-0.002109	-0.055570	-0.008624	-0.048039	0.012695	-0.007426	0.005024	-0.011509
0.301391	0.100438	-0.006619	0.140798	-0.007740	0.138582	-0.179691	-0.238752	0.352900	0.201272	0.177766	-0.152361	-0.305491	-0.065896	-0.062743	-0.280960	-0.197826	-0.017733	-0.221972	0.234441	0.006360	0.050123	-0.120176	0.164648	0.007104	0.164263	-0.288844	-0.040914	-0.142982	0.133827	0.060869	-0.027862	0.015099	-0.002388	0.020075	-0.018574	-0.003704	-0.050348	0.049848	0.001827	0.012860	0.040818	0.004626	-0.014154	-0.012283	0.004936	-0.058376	-0.020309	0.016026	0.057041
0.367822	-0.002294	0.092492	0.130567	-0.334750	0.287327	-0.250165	0.201857	-0.215874	-0.166992	-0.201426	0.161983	-0.082241	0.052747	-0.018622	-0.105132	-0.022535	-0.065936	-0.121376	-0.121530	0.049726	-0.173914	-0.165090	0.072441	-0.008443	0.279913	0.155521	0.152443	0.125038	0.259422	-0.001530	-0.005150	-0.086875	0.076705	0.006716	0.033555	0.046540	0.050567	-0.023287	0.086348	-0.068099	-0.034555	-0.019577	0.016565	0.040672	0.019107	0.045180	0.055302	0.044929	-0.009269
0.238844	-0.075393	0.073786	-0.019225	0.093003	0.385149	0.192381	0.511794	-0.025502	0.121702	0.036610	-0.135701	0.007305	-0.074509	-0.005647	-0.077721	0.142182	-0.154738	-0.324053	0.172276	0.160856	0.320500	0.214019	-0.174301	0.045586	-0.062102	0.074430	-0.085233	-0.002079	-0.034360	0.014595	-0.019379	-0.012934	-0.017752	0.044652	-0.002471	-0.041275	-0.040137	0.037438	-0.010247	0.000203	0.006205	-0.047961	-0.045492	0.020647	0.006732	0.021400	0.014704	0.023856	0.001133
0.275920	-0.224850	0.010543	0.072880	0.135102	0.224696	0.293179	-0.215720	0.086047	0.147054	-0.139075	-0.057738	0.315330	-0.270879	0.053738	-0.325859	-0.099199	0.188357	0.060289	-0.287150	0.064716	-0.201343	0.246939	-0.064428	-0.053890	0.162562	-0.096985	0.113254	0.133875	-0.061927	-0.057032	-0.015402	-0.008352	-0.003853	0.052051	-0.040637	0.026290	0.015057	0.025117	-0.015266	-0.009209	0.009279	0.030323	0.011639	-0.008003	0.011899	-0.010579	0.018611	0.029700	0.027884
0.366094	-0.145926	0.036325	0.065662	0.076468	-0.400575	0.005751	0.237092	0.155359	0.007631	0.132361	-0.167541	-0.159369	0.038200	-0.088623	0.140013	-0.104546	-0.114197	-0.048278	-0.158892	-0.227407	-0.129464	0.290581	0.007365	0.046771	0.417142	0.192831	-0.060079	-0.125985	-0.103731	-0.101441	0.022316	-0.054580	0.005777	-0.023791	0.094791	-0.038502	0.000825	0.008122	0.035234	0.030958	0.020937	-0.005100	-0.050772	-0.003605	0.002583	-0.023007	0.013316	-0.002544	-0.000634
0.393094	-0.050289	0.042408	-0.015880	-0.181904	-0.080563	-0.047375	-0.079085	0.128341	-0.043660	0.303454	-0.172700	0.176490	0.192558	-0.325868	-0.013779	-0.075751	0.161750	0.332683	0.106420	0.284157	0.240059	0.037971	-0.099922	-0.097746	0.045930	0.243293	0.085923	0.124557	0.156746	0.054515	-0.045428	0.012190	-0.089821	0.062753	-0.052151	0.000897	-0.050156	0.058350	0.007222	-0.060294	-0.014230	0.053423	0.007018	-0.031160	-0.041194	0.005187	0.031003	-0.004071	-0.008419
0.353502	-0.177552	-0.202190	0.068844	0.099949	-0.121037	-0.094002	0.136200	-0.069484	-0.352541	-0.037238	-0.088501	0.164291	-0.139819	0.026052	-0.242743	0.308015	0.092613	0.136434	0.094041	0.158765	0.060209	-0.104521	0.378814	-0.218972	0.042866	-0.045468	-0.191275	-0.192543	-0.154449	0.005569	0.001567	-0.074362	0.079056	-0.044027	0.064490	-0.035007	-0.017704	0.004909	0.029582	-0.000536	0.009111	-0.019734	-0.017665	-0.006236	0.047439	0.027545	-0.016701	-0.016620	0.009953
0.321017	0.216433	0.002363	0.050020	-0.266457	-0.167614	0.106451	0.176746	0.040449	0.007652	0.044715	0.214309	0.030597	-0.303499	0.082599	0.182349	-0.159329	0.401617	-0.206096	0.064982	-0.153451	0.020889	-0.037177	-0.062969	-0.360221	-0.048289	-0.018208	-0.222513	0.195773	0.001723	0.092587	-0.007610	0.001770	-0.090087	0.022731	0.057792	0.019754	0.034644	0.047972	-0.000841	0.012947	0.017091	-0.013226	-0.023560	-0.015111	-0.032537	-0.053066	0.017528	0.005195	0.010589
0.435263	-0.172127	0.274065	-0.223244	-0.022759	-0.120738	0.084928	-0.151733	0.104013	0.022514	-0.150388	-0.025138	0.070570	0.171528	0.195838	0.196344	0.216191	-0.010894	-0.079801	0.264187	-0.003650	-0.051013	0.122872	0.300351	0.182504	0.045378	-0.103452	-0.077508	0.369673	0.097684	-0.012918	-0.018854	0.017816	0.023255	0.023853	-0.035718	-0.055425	0.003440	-0.048616	-0.086068	-0.032666	0.020086	0.002893	0.007921	0.017646	0.017924	0.023727	-0.024487	-0.004545	0.013361
0.168327	0.226981	-0.296930	-0.097555	0.080455	0.236953	-0.069554	0.161581	0.668755	-0.221131	-0.039895	0.117611	-0.003027	0.005843	-0.016171	0.110127	0.167601	-0.198187	0.181430	-0.120077	-0.046577	-0.125402	-0.019172	-0.094020	-0.036406	-0.036968	-0.032429	-0.014554	0.172629	-0.018213	0.073575	-0.020137	0.004583	0.020265	-0.000576	0.007917	0.064422	0.015273	0.031786	-0.001087	0.008184	0.019187	-0.006470	0.027135	-0.007749	0.043688	-0.024708	-0.064417	0.016147	-0.018512
0.350134	0.154541	-0.218720	-0.340460	0.110892	-0.135499	-0.243245	0.195542	-0.043270	0.196384	-0.155505	-0.104259	0.232389	0.053076	-0.284098	-0.103018	0.022177	0.248499	-0.180950	0.015208	-0.133395	-0.073017	-0.193956	-0.016018	0.273127	-0.059118	-0.038201	0.202125	0.039725	-0.143288	0.009483	-0.039035	-0.018486	-0.085172	0.007906	0.020869	-0.073578	0.021504	0.055566	0.038530	0.026396	0.014896	0.002900	0.014935	-0.044910	0.018290	0.014869	-0.009689	0.002689	-0.001390
0.382936	0.283724	0.046881	-0.120458	-0.077020	0.033450	0.057041	-0.271028	-0.257569	-0.209779	0.224597	-0.177217	-0.058456	-0.203341	-0.144588	0.174057	0.128302	-0.221874	-0.160839	0.017201	0.098961	-0.145304	0.137843	0.030736	-0.097537	-0.036054	-0.044379	0.297352	0.018650	-0.224464	0.189503	0.028838	-0.019552	0.000764	0.024936	0.022422	0.098887	0.051264	0.055738	-0.024913	0.034758	-0.011820	-0.005419	-0.033860	-0.031386	0.012389	-0.003697	-0.067064	0.034499	-0.004593
0.312344	-0.298689	-0.201486	0.248065	-0.046208	0.059055	-0.081441	-0.084891	-0.012682	-0.151758	-0.201235	0.214042	-0.234679	0.264951	-0.280044	-0.016091	-0.157930	0.102636	-0.113335	0.106181	-0.011694	-0.060091	0.333958	-0.010444	-0.043738	-0.346862	-0.052310	0.018808	0.035044	-0.165836	-0.113244	-0.011642	-0.047094	0.064362	-0.049389	-0.003503	0.036196	-0.007916	0.000067	-0.001090	-0.054538	0.010427	0.025074	-0.003405	-0.000287	0.030028	0.016097	-0.010468	0.002577	-0.010337
0.284130	0.349888	0.173048	0.244051	0.216863	-0.105601	0.109840	-0.022057	-0.108332	-0.113505	-0.200751	0.007532	-0.146085	0.125570	-0.065154	0.013116	-0.060701	0.029793	0.058155	-0.008100	0.375263	-0.075866	-0.196719	-0.263074	0.185746	0.177820	-0.127513	-0.287142	0.124370	-0.231240	0.004486	0.016294	0.008491	0.009045	-0.013298	-0.027917	0.002148	-0.021355	0.023112	-0.021181	0.032474	0.061137	0.059727	-0.004367	-0.016803	-0.017963	0.005579	0.032851	-0.034273	0.008098
